{
  "lists": [
    {
      "id": 1,
      "title": "빡",
      "singer": "던말릭",
      "desc": "코딩할때 들으면 화가 진정된다"
    },
    {
      "id": 2,
      "title": "Real Good Feeling",
      "desc": "빠른템포",
      "singer": "On The Larceny"
    }
  ],
  "comments": [
    {
      "listid": 1,
      "id": 1,
      "comment": "이야?",
      "username": "정기"
    },
    {
      "listid": 1,
      "id": 2,
      "comment": "이걸?",
      "username": "정기2"
    },
    {
      "listid": 2,
      "id": 3,
      "comment": "진짜?",
      "username": "정기3"
    },
    {
      "listid": 2,
      "id": 4,
      "comment": "정말?",
      "username": "정기4"
    }
  ]
}
