{
  "lists": [
    {
      "id": 1,
      "title": "빡",
      "singer": "던말릭",
      "desc": "코딩할때 들으면 화가 진정된다진정된다진정된다진정된다",
      "comments": []
    },
    {
      "id": 2,
      "title": "Real Good Feeling",
      "desc": "빠른템포",
      "singer": "On The Larceny"
    },
    {
      "id": 3,
      "title": "Smiley",
      "desc": "언제들어도 신나는",
      "singer": "Yena"
    },
    {
      "id": 4,
      "title": "qsd",
      "singer": "qsd",
      "desc": "qsd"
    }
  ]
}